[
  {
    "id": 1,
    "name": "Cultures",
    "imagePath": "assets/cul.jpg"
  },
  {
    "id": 2,
    "name": "History",
    "imagePath":  "assets/history2.jpeg"
  },
  {
    "id": 3,
    "name": "Federal System of Government",
    "imagePath": "assets/fsog.png"
  },
  {
    "id": 4,
    "name": "Climates of Pakistan",
    "imagePath": "assets/climates.jpg"
  },
  {
    "id": 5,
    "name": "Economics",
    "imagePath":  "assets/eco.jpg"
  },
  {
    "id": 6,
    "name": "Geography",
    "imagePath": "assets/map2.jpg"
  },
  {
    "id": 7,
    "name": "Means of Communication",
    "imagePath": "assets/com.jpg"
  }
]