[
  {
    "id": 1,
    "title": "Culture Quiz",
    "description": "Every question has four options. tap the best answer you know.",
    "shuffleQuestions": true,
    "imagePath": "",
    "categoryId": 1,
    "questions": [
      {
        "text": "In which city camel skin lamps are made?",
        "duration": 30,
        "shuffleOptions": true,
        "options": [
          {
            "text": "Karachi",
            "isCorrect": true
          },
          {
            "text": "Lahore",
            "isCorrect": false
          },
          {
            "text": "Peshawar",
            "isCorrect": false
          },
          {
            "text": "Multan",
            "isCorrect": false
          }
        ]
      },
      {
        "text": "Inwhich city the skilled wood work is done? ",
        "duration": 30,
        "shuffleOptions": true,
        "options": [
          {
            "text": "Chiniot",
            "isCorrect": true
          },
          {
            "text": "Hydrabad",
            "isCorrect": false
          },
          {
            "text": "Sakhar",
            "isCorrect": false
          },
          {
            "text": "Islamabad",
            "isCorrect": false
          }
        ]
      },
      {
        "text": "Which game is famous in Gilgit? ",
        "duration": 30,
        "shuffleOptions": true,
        "options": [
          {
            "text": "Polo",
            "isCorrect": true
          },
          {
            "text": "Hockey",
            "isCorrect": false
          },
          {
            "text": "Cricket",
            "isCorrect": false
          },
          {
            "text": "Football",
            "isCorrect": false
          }
        ]
      },
      {
        "text": "When do the Christians celebrate the birth of Jesus Christ? ",
        "duration": 30,
        "shuffleOptions": true,
        "options": [
          {
            "text": "25th December",
            "isCorrect": true
          },
          {
            "text": "25th November",
            "isCorrect": false
          },
          {
            "text": "3rd July",
            "isCorrect": false
          },
          {
            "text": "04 October",
            "isCorrect": false
          }
        ]
      },
      {
        "text": "To which province famous Sufi poet Baba Bulleh Shah (R.A) belongs? ",
        "duration": 30,
        "shuffleOptions": true,
        "options": [
          {
            "text": "Punjab",
            "isCorrect": true
          },
          {
            "text": "Sindh",
            "isCorrect": false
          },
          {
            "text": "Baluchistan",
            "isCorrect": false
          },
          {
            "text": "Kasur",
            "isCorrect": false
          }
        ]
      }
      
    ]
  },
  {
    "id": 2,
    "title": "Climates of Pakistan",
    "description": "Every question has four options. tap the best answer you know.",
    "shuffleQuestions": true,
    "imagePath": "",
    "categoryId": 4,
    "questions": [
      {
        "text": "Whenis the festival of Eid-Milad-un-Nabi (#)celebrated?",
        "duration": 10,
        "shuffleOptions": true,
        "options": [
          {
            "text": "12thRabi-ul-Awal ",
            "isCorrect": true
          },
          {
            "text": "17thRabi-ul-Awal ",
            "isCorrect": false
          },
          {
            "text": "15thRabi-ul-Awal ",
            "isCorrect": false
          },
          {
            "text": "20thRabi-ul-Awal ",
            "isCorrect": false
          }
        ]
      },
      {
        "text": "To which city Hazrat Bahaudin Zakriya (R.A) belongs? ",
        "duration": 15,
        "shuffleOptions": true,
        "options": [
          {
            "text": "Lahore",
            "isCorrect": true
          },
          {
            "text": "Kasur",
            "isCorrect": false
          },
          {
            "text": "Gujrat",
            "isCorrect": false
          },
          {
            "text": "Multan",
            "isCorrect": false
          }
        ]
      },
      {
        "text": "To which province famous Sufi poet Baba Bulleh Shah (R.A) belongs? ",
        "duration": 20,
        "shuffleOptions": true,
        "options": [
          {
            "text": "Punjab",
            "isCorrect": true
          },
          {
            "text": "Gilgit",
            "isCorrect": false
          },
          {
            "text": "Khyber PakhtunKhwa",
            "isCorrect": false
          },
          {
            "text": "Baluchistan",
            "isCorrect": false
          }
        ]
      },
      {
        "text": "What is meant by Culture?",
        "duration": 25,
        "shuffleOptions": true,
        "options": [
          {
            "text": "Traditions of the people of a specific area or race",
            "isCorrect": true
          },
          {
            "text": "Religion",
            "isCorrect": false
          },
          {
            "text": "Cast",
            "isCorrect": false
          },
          {
            "text": "None of the above",
            "isCorrect": false
          }
        ]
      },
      {
        "text": "Which game is famous in Gilgit? ",
        "duration": 30,
        "shuffleOptions": true,
        "options": [
          {
            "text": "Polo",
            "isCorrect": true
          },
          {
            "text": "Hokey",
            "isCorrect": false
          },
          {
            "text": "Olymmpic",
            "isCorrect": false
          },
          {
            "text": "Cricket",
            "isCorrect": false
          }
        ]
      },
      {
        "text": "National FLower of Pakistan is?",
        "duration": 35,
        "shuffleOptions": true,
        "options": [
          {
            "text": "Rose",
            "isCorrect": true
          },
          {
            "text": "Jesmine",
            "isCorrect": false
          },
          {
            "text": "Sun FLower",
            "isCorrect": false
          },
          {
            "text": "None of the above",
            "isCorrect": false
          }
        ]
      }
    ]
  },
  {
    "id": 3,
    "title": "History",
    "description": "Every question has four options. tap the best answer you know.",
    "shuffleQuestions": true,
    "imagePath": "",
    "categoryId": 2,
    "questions": [
      {
        "text": "A Leap Year contains___days of February.",
        "duration": 30,
        "shuffleOptions": true,
        "options": [
          {
            "text": "29 days",
            "isCorrect": true
          },
          {
            "text": "20 days",
            "isCorrect": false
          },
          {
            "text": "10 days",
            "isCorrect": false
          },
          {
            "text": "15 days",
            "isCorrect": false
          }
        ]
      },
      {
        "text": " A decade contains how many years?",
        "duration": 30,
        "shuffleOptions": true,
        "options": [
          {
            "text": "10 years",
            "isCorrect": true
          },
          {
            "text": "100 years",
            "isCorrect": false
          },
          {
            "text": "1000 years",
            "isCorrect": false
          },
          {
            "text": "5 years",
            "isCorrect": false
          }
        ]
      },
      {
        "text": "There are __ years in a century",
        "duration": 30,
        "shuffleOptions": true,
        "options": [
          {
            "text": "10 Years",
            "isCorrect": false
          },
          {
            "text": "100 years",
            "isCorrect": true
          },
          {
            "text": "24 years",
            "isCorrect": false
          },
          {
            "text": "50 years",
            "isCorrect": false
          }
        ]
      },
      {
        "text": " The Muslim League was founded in _____?",
        "duration": 30,
        "shuffleOptions": true,
        "options": [
          {
            "text": "1976",
            "isCorrect": false
          },
          {
            "text": "1916",
            "isCorrect": true
          },
          {
            "text": "1965",
            "isCorrect": false
          },
          {
            "text": "1940",
            "isCorrect": false
          }
        ]
      },
      {
        "text": " ____was given the title of “Ambassador of Hindu- Muslim Unity”.",
        "duration": 30,
        "shuffleOptions": true,
        "options": [
          {
            "text": "Sir Syed Ahmad Khan",
            "isCorrect": false
          },
          {
            "text": "Molvi Fazal ul haq",
            "isCorrect": true
          },
          {
            "text": "Hafeez Jalndhari",
            "isCorrect": false
          },
          {
            "text": "Quid e azam",
            "isCorrect": false
          }
        ]
      }
    ]

    
  },
  {
    "id": 4,
    "title": "Systems of Government",
    "description": "Every question has four options. tap the best answer you know.",
    "shuffleQuestions": true,
    "imagePath": "",
    "categoryId": 3,
    "questions": [
      {
        "text": "ALeap Yearcontains___days of February.",
        "duration": 30,
        "shuffleOptions": true,
        "options": [
          {
            "text": "29 days",
            "isCorrect": true
          },
          {
            "text": "20 days",
            "isCorrect": false
          },
          {
            "text": "10 days",
            "isCorrect": false
          },
          {
            "text": "15 days",
            "isCorrect": false
          }
        ]
      },
      {
        "text": " A decade contains how many years?",
        "duration": 30,
        "shuffleOptions": true,
        "options": [
          {
            "text": "10 years",
            "isCorrect": true
          },
          {
            "text": "100 years",
            "isCorrect": false
          },
          {
            "text": "1000 years",
            "isCorrect": false
          },
          {
            "text": "5 years",
            "isCorrect": false
          }
        ]
      },
      {
        "text": "There are __ years in a century",
        "duration": 30,
        "shuffleOptions": true,
        "options": [
          {
            "text": "10 Years",
            "isCorrect": false
          },
          {
            "text": "100 years",
            "isCorrect": true
          },
          {
            "text": "24 years",
            "isCorrect": false
          },
          {
            "text": "50 years",
            "isCorrect": false
          }
        ]
      },
      {
        "text": " The Muslim League was founded in _____?",
        "duration": 30,
        "shuffleOptions": true,
        "options": [
          {
            "text": "1976",
            "isCorrect": false
          },
          {
            "text": "1916",
            "isCorrect": true
          },
          {
            "text": "1965",
            "isCorrect": false
          },
          {
            "text": "1940",
            "isCorrect": false
          }
        ]
      },
      {
        "text": " ____was given the title of “Ambassador of Hindu- Muslim Unity”.",
        "duration": 30,
        "shuffleOptions": true,
        "options": [
          {
            "text": "Sir Syed Ahmad Khan",
            "isCorrect": false
          },
          {
            "text": "Molvi Fazal ul haq",
            "isCorrect": true
          },
          {
            "text": "Hafeez Jalndhari",
            "isCorrect": false
          },
          {
            "text": "Quid e azam",
            "isCorrect": false
          }
        ]
      }
    ]

    
  }
]